{
  "integrations": [
    {
      "id": "bab76374-dff6-46f5-9855-3e20f177e9ca",
      "name": "Post Webhook - Do Nothing Trigger",
      "action": "RUN_SCRIPT",
      "type": "INBOUND_WEBHOOK",
      "deployed": true,
      "form": "4099e5b0-4d2f-420b-8a73-10e6e7315a8d",
      "environment": "HOSTED",
      "authType": "URL",
      "createdBy": "FLOW",
      "integrationScriptStepUuid": "619cfd72-cec3-4477-bf5b-743ee5fcf5ed"
    }
  ],
  "endpoints": [
    {
      "name": "StackStorm",
      "baseUrl": "https://example.com/api/v1",
      "type": "EXTERNAL",
      "authentication": "NO_AUTH"
    }
  ],
  "constants": [
    {
      "name": "StackStorm API Token",
      "value": "api token here",
      "description": "API Token for StackStorm"
    }
  ]
}