[
  {
    "id": "619cfd72-cec3-4477-bf5b-743ee5fcf5ed",
    "name": "Do Nothing Trigger",
    "description": "Just triggers a flow",
    "icon": "/static/images/script_steps/http-trigger.png",
    "script": "//",
    "endpointLabel": "",
    "allowedEnvironment": "HOSTED",
    "accessibleByAll": "NotShared",
    "scriptStepType": "CUSTOM_HTTP",
    "inputs": [],
    "outputs": [
      {
        "id": "a5e90d11-0084-436c-907a-a6d1470d9f01",
        "name": "Data",
        "description": "",
        "position": 0
      }
    ],
    "libraries": []
  },
  {
    "id": "db0b64aa-7c92-402f-a5fa-35e4bf4e1a74",
    "name": "StackStorm - Post Webhook",
    "description": "Post to a webhook in StackStorm",
    "icon": "https://s3-xmatters-static.s3.amazonaws.com/null/customers/aa4ff4cd-06da-460c-b2d0-bb34ad66da69/IMAGE__20200506211914056__stackstorm.png",
    "script": "\nvar stackStormRequest = http.request({\n    'endpoint': 'StackStorm',\n    'path': '/webhooks/' + input['Path'],\n    'method': 'POST',\n    'headers': {\n        \"Content-Type\": \"application/json\",\n        \"St2-Api-Key\": input['API Key']\n    }\n});\n\nrequestBody = JSON.parse(input['Body'])\n\nresponse = stackStormRequest.write(requestBody);\n\nresponseBody = {};\nif (response.statusCode >= 200 && response.statusCode < 300) {\n    responseBody = JSON.parse(response.body);\n    output['result'] = responseBody\n} else {\n    throw \"Error: \" + response.statusCode + \" \" + response.statusMessage;\n}\n",
    "endpointLabel": "StackStorm",
    "allowedEnvironment": "HOSTED",
    "accessibleByAll": "NotShared",
    "scriptStepType": "USER",
    "inputs": [
      {
        "id": "e280c551-8874-45fc-95b4-5c236694f21c",
        "name": "API Key",
        "helpText": "The Auth Token used in the header",
        "defaultValue": "",
        "multiline": false,
        "required": true,
        "maxLength": 2000,
        "minLength": 0,
        "position": 0
      },
      {
        "id": "fbf7a10b-4e2a-4c9f-b847-56c390146607",
        "name": "Body",
        "helpText": "The Body of the POST Request",
        "defaultValue": "",
        "multiline": false,
        "required": true,
        "maxLength": 2000,
        "minLength": 0,
        "position": 1
      },
      {
        "id": "508d9ebd-1a13-4b68-84cd-f5e0f02b888d",
        "name": "Path",
        "helpText": "Path for the webhook (everything after \"/webhooks/\")",
        "defaultValue": "path",
        "multiline": false,
        "required": true,
        "maxLength": 2000,
        "minLength": 0,
        "position": 2
      }
    ],
    "outputs": [
      {
        "id": "217b257c-5fec-4954-be4e-779eed13273f",
        "name": "result",
        "position": 0
      }
    ],
    "libraries": []
  }
]