{
  "name": "Post Webhook",
  "form": "4099e5b0-4d2f-420b-8a73-10e6e7315a8d",
  "blocks": [
    {
      "id": "652108d7-334e-4a84-976a-997af0b49e3e",
      "label": "Post Webhook - Do Nothing Trigger",
      "environment": "HOSTED",
      "presentation": "{\"w\":60,\"x\":0,\"h\":60,\"y\":0}",
      "step": "bab76374-dff6-46f5-9855-3e20f177e9ca",
      "stepType": "INTEGRATION"
    },
    {
      "id": "5987c7b8-1249-4b3e-8cf1-6085c5ef14ad",
      "endpoint": "StackStorm",
      "label": "StackStorm - Post Webhook",
      "environment": "HOSTED",
      "presentation": "{\"w\":60,\"x\":170,\"h\":60,\"y\":0}",
      "step": "db0b64aa-7c92-402f-a5fa-35e4bf4e1a74",
      "stepType": "SCRIPT_STEP",
      "inputMappings": [
        {
          "inputPort": "input",
          "mapping": "${constants.StackStorm API Token}",
          "stepInput": "e280c551-8874-45fc-95b4-5c236694f21c"
        },
        {
          "inputPort": "input",
          "mapping": "{\"hello\":\"world\"}",
          "stepInput": "fbf7a10b-4e2a-4c9f-b847-56c390146607"
        },
        {
          "inputPort": "input",
          "mapping": "path",
          "stepInput": "508d9ebd-1a13-4b68-84cd-f5e0f02b888d"
        }
      ]
    }
  ],
  "edges": [
    {
      "fromBlock": "652108d7-334e-4a84-976a-997af0b49e3e",
      "fromPort": "output",
      "toBlock": "5987c7b8-1249-4b3e-8cf1-6085c5ef14ad",
      "toPort": "input"
    }
  ]
}